39	server/routers/cloneTrainingLabRouter.ts
38	server/services/cloneTrainingRunner.ts
33	client/src/pages/ActivationWarRoomCommandCenter.tsx
27	server/services/cloneModelRegistry.ts
20	server/services/cloneDatasetBuilder.ts
19	client/src/pages/ConversionEngineCommandCenter.tsx
10	server/services/cloneTrainingLab.ts
10	client/src/pages/DailyRevenueEngineCommandCenter.tsx
7	server/services/cloneFrameExtractor.ts
6	server/routers/conversionEngineRouter.ts
6	client/src/pages/RecruiterOSCommandCenter.tsx
5	server/services/services/videoStudio.ts
4	server/services/services/videoAssembly.ts
4	server/services/services/recruiterCommissions.ts
4	server/services/services/kingcamDemoEngine.ts
4	server/services/services/creatorTools.ts
4	server/services/services/checkoutBot.ts
4	server/services/services/aiBot.ts
4	server/services/kingcamMediaFactory.ts
4	server/services/cloneCaptionGenerator.ts
4	server/services/cloneAssetQualityScorer.ts
3	server/services/tts_elevenlabs.ts
3	server/services/services/viralOptimizer.ts
3	server/services/services/thumbnailGenerator.ts
3	server/services/services/socialMediaAudit.ts
3	server/services/services/podcastManagement.ts
3	server/services/services/performanceFeedback.ts
3	server/services/services/manualPayRevenue.ts
3	server/services/services/contentOrchestrator.ts
3	server/services/services/adultSalesBot.ts
3	server/services/services/adOptimizer.ts
2	server/services/services/whatsappAI.ts
2	server/services/services/telegramAI.ts
2	server/services/services/systemRegistry.ts
2	server/services/services/subscriptionManagement.ts
2	server/services/services/stripeVaultLive.ts
2	server/services/services/simulatedBots.ts
2	server/services/services/podcastMonetization.ts
2	server/services/services/podcastDistribution.ts
2	server/services/services/podcastAnalytics.ts
2	server/services/services/platformPosting.ts
2	server/services/services/payoutService.ts
2	server/services/services/emmaNetwork.ts
2	server/services/services/creatorAnalytics.ts
2	server/services/services/contentScheduler.ts
2	server/services/services/commandHub.ts
2	client/src/pages/king/CloneTrainingLab.tsx
1	server/services/stripeVaultLive.ts
1	server/services/services/verticalPackService.ts
1	server/services/services/socialMediaScraper.ts
1	server/services/services/kingcamScriptGenerator.ts
1	server/services/services/kingcamAI.ts
1	server/services/services/gaming/gaming.ts
1	server/services/services/contentGenerationDemo.ts
1	server/services/monetizationBundleService.ts
1	server/services/adultSalesBot.ts
1	server/routers/recruiterOSRouter.ts
1	server/_core/tts.ts
1	client/src/pages/KingCamEpisodeTheater3D.tsx
1	client/src/pages/KingCamEmpireMap3D.tsx
